Qty,MPN,Value,Package,DNI,Designators
19,CL21A106KAYNNNF,10UF C0805,C0805,,C1 C23 C24 C31 C33 C34 C35 C38 C41 C85 C89 C90 C91 C94 C97 C103 C105 C106 C112
55,CC0402KPX5R8BB104,100NF C0402,C0402,,C2 C3 C5 C7 C8 C9 C11 C17 C18 C19 C20 C21 C22 C25 C26 C27 C28 C30 C32 C37 C40 C48 C49 C50 C51 C52 C55 C57 C58 C59 C60 C61 C64 C65 C66 C67 C68 C69 C70 C71 C72 C73 C74 C75 C76 C77 C78 C79 C80 C82 C83 C87 C88 C109 C111
1,0603N470K250CG,47PF C0603,C0603,,C4
4,CL10B105KA8NNNL,1UF C0603,C0603,,C6 C56 C102 C113
4,CC0603JRX7R9BB152,1.5NF C0603,C0603,,C10 C14 C42 C45
8,CC0603MRX7R9BB471,470PF C0603,C0603,,C12 C13 C15 C16 C43 C44 C46 C47
1,GRM188R61E225MA12J,2.2UF C0603,C0603,,C29
2,VJ0603Y331KXAPW1BC,330PF C0603,C0603,,C36 C39
4,CL10B474KA8NFNC,470NF C0603,C0603,,C53 C54 C86 C96
8,EMVE350ARA101MF80G,100UF PANASONIC D8,PANASONIC_D,,C62 C63 C81 C92 C93 C95 C98 C107
1,0603B221K250CG,220PF C0603,C0603,,C84
2,EEE-FK1E100R,10UF PANASONIC B,PANASONIC_B,,C99 C108
1,AC0603JRX7R9BB223,22NF C0603,C0603,,C100
1,1206X226K250CG,22UF C1206,C1206,,C101
1,GRM188R61E475KE11D,4.7UF C0603,C0603,,C104
6,NSR1020MW2T3G,NSR1020MW2T3G,SOD-323F,,D1 D2 D3 D4 D5 D6
4,BBPY00160808601Y00,FB R0603,WUERTH-ELEKTRONIK_0603,,FB1 FB2 FB4 FB6
2,GENERIC,M4 Screw Terminal,M4_SCREW_TERMINAL,,HANDLE_1 HANDLE_2
1,USB-C31-S-RA-CS2-SMT-BK-T/R,USB C 24 Pin Horizontal ADM,ADAM_USB-C31-S-RA-CS2-SMT-BK-T/R,,J1
5,PJ-327A-5P,SMT-JACK-S-H-3.5,CUI_SJ2-35863B1-SMT-TR,,J_AUDIO_IN J_AUDIO_OUT J_HP_OUT J_MIDI_IN J_MIDI_OUT
28,CPG151101S11-16,Kailh Cherry MX Socket,CPG151101S11,,KEY1 KEY2 KEY3 KEY4 KEY5 KEY6 KEY7 KEY8 KEY9 KEY10 KEY11 KEY12 KEY13 KEY14 KEY15 KEY16 KEY17 KEY18 KEY19 KEY20 KEY21 KEY22 KEY23 KEY24 KEY25 KEY26 KEY27 KEY28
2,AIML-1008HC-3R3M-T,3.3UH 1008 Inductor,I1008,,L2 L3
1,VLS5045EX-6R8M,6.8UH 5x5 INDUCTOR,MPL-SE6040,,L4
5,WS2812D-F8,8mm RGB PTH Digital LED,WS2812D-F8,,LED1 LED2 LED4 LED5 LED10
1,WS2812D-F8,8mm RGB PTH Digital LED,WS2812D-F8-SPLIT,,LED3
4,WS2812D-F5,5mm RGB PTH Digital LED,WS2812D-F5,,LED6 LED7 LED8 LED9
25,IN-PI32TAR5R5G5B-8113,Digital LED Reverse Mount,IN-PI32TAR,,LED_K2 LED_K3 LED_K4 LED_K5 LED_K6 LED_K7 LED_K8 LED_K9 LED_K12 LED_K13 LED_K14 LED_K15 LED_K16 LED_K17 LED_K18 LED_K19 LED_K20 LED_K21 LED_K22 LED_K23 LED_K24 LED_K25 LED_K26 LED_K27 LED_K28
2,APT1608SURCK,RED LED R0603,DIODE_0603,,LED_PG1 LED_STAT1
1,MP23ABS1TR,MP23ABS1TR,MIC_MP23ABS1TR,,MK1
2,FH34SRJ-30S-0-5SH-50,ZIF 30 Pin .5mm,FH34SRJ-30S-0-5SH-50,,P2 P3
1,S2B-PH-SM4-TB(LF)(SN),S2B-PH-SM4-TB Header,S2B-PH-SM4-TB(LF)(SN),,P4
1,MEM2061-01-188-00-A,SMT MICRO SD HORIZONTAL MEM20161,MEM2061-01-188-00-A_GCT,,P5
63,RC0603FR-1310KL,10K R0603,R0603,,R1 R2 R3 R4 R5 R12 R13 R36 R37 R51 R52 R53 R54 R55 R56 R57 R58 R60 R61 R62 R63 R65 R66 R67 R68 R74 R75 R77 R78 R79 R80 R81 R82 R83 R84 R86 R87 R88 R89 R90 R91 R93 R96 R97 R109 R114 R115 R116 R124 R132 R133 R134 R135 R137 R140 R141 R142 R145 R146 R152 R153 R161 R162
2,RC0402FR-13100KL,100K R0402,R0402,,R6 R130
3,RC0402FR-131KL,1K R0402,R0402,,R7 R138 R143
37,AC0603FR-070RL,0R R0603,R0603,,R8 R9 R10 R18 R19 R21 R22 R23 R24 R26 R27 R28 R29 R30 R31 R32 R35 R38 R39 R40 R41 R42 R43 R44 R45 R46 R47 R48 R49 R50 R59 R76 R85 R92 R94 R99 R100
8,RC0603FR-07820RL,820R R0603,R0603,,R11 R14 R64 R69 R144 R147 R151 R154
8,RC0603FR-107K5L,7K5 R0603,R0603,,R15 R17 R70 R72 R148 R150 R155 R157
4,RC0603FR-13100RL,100R R0603,R0603,,R16 R71 R149 R156
2,CR16-10R0-FY,10R R0603,R0603,,R20 R126
7,RC0603FR-134K7L,4K7 R0603,R0603,,R25 R111 R113 R128 R158 R159 R160
1,RC0603FR-07220RL,220R R0603,R0603,,R33
1,CRCW0603270RFKEAC,270R R0603,R0603,,R73
1,RC0603FR-131ML,1M R0603,R0603,,R98
6,RC0603FR-0747KL,47K R0603,R0603,,R104 R105 R106 R107 R108 R127
1,RC0603FR-07220KL,220K R0603,R0603,,R110
2,RC0603FR-1333KL,33K R0603,R0603,,R117 R118
2,RC0603FR-0722KL,22K R0603,R0603,,R119 R120
1,CR0603-FX-6652ELF,66K5 R0603,R0603,,R121
1,RC0603FR-0733RL,33R R0603,R0603,,R125
3,CR0603-FX-2002ELF,20K R0603,R0603,,R129 R136 R139
1,CR16-4992-FY,49K9 R0603,R0603,,R131
1,SK-12F17-G7,Right Angle Tactile Switch ON ON,SK-12F17-G7,,S1
8,T34069,M3 PTH Screw Terminal T34069,T34069_OLD,,SCREW_1 SCREW_2 SCREW_3 SCREW_4 SCREW_5 SCREW_7 SCREW_9 SCREW_10
1,T34069,M3 PTH Screw Terminal T34069,T34069_OLD_ADJ2,,SCREW_6
1,T34069,M3 PTH Screw Terminal T34069,T34069_OLD_ADJ1,,SCREW_8
6,EC12MSDV7BF-D-20F-24-19WE,CHOMPI Encoder,PEC11_SILK,,SW1 SW2 SW3 SW4 SW5 SW6
1,MSS6-V-T/R,MSS6-V-T/R,MSS6-V-T/R,,SW7
1,SS-12D10L9,Vertical Slide Switch ON ON,ES_100SP1T6B11M2QEH_SMALL,,SW_NORMAL
1,TX04F103F3380ER,10K NTC THERMISTOR 0603,R0603,,T1
1,ES_Daisy_Seed2_DFM_65MB,ES_Daisy_Seed2_DFM_65MB,ES_DAISY_SEED2_DFM_REV1,,U1
2,MCP6004T-I/ST,MCP6004 TSSOP-14,TSSOP-14,,U2 U16
1,ST1S03PUR,ST1S03 DFN6D,DFN06_3X3_STM,,U3
1,LD1117S50CTR,LD1117-5V,SOT223,,U4
6,CD4021BM96,CD4021 SO-16,SO-16,,U5 U7 U8 U9 U10 U14
1,H11L1SR2M,OPTO ISOLATOR,DIL06_GULLWING,,U6
1,LMR62421XMFX/NOPB,LMR62421 SOT-23-5,MF05A,,U11
1,PCM3060PWR,PCM3060 TSSOP-28,TSSOP-28,,U12
1,MP2722GRH-0000-Z,MP2722 Buck Charger,MP2722,,U13
1,USB3740B-AI9-TR,USB3740B QFN-10,QFN10_1P6X2P1MC_MCH,,U15
1,TPA6110A2DGNR,TPA6110 MSOP-8,MSOP_8_PWRPAD,,U17
1,EMVE350ARA101MF80G,100UF PANASONIC D8,PANASONIC_D,DNI,C110
1,B220A-13-F,B220A-13-F SMA,SMADIODE,DNI,D7
2,AC0603FR-070RL,0R R0603,R0603,DNI,R34 R101
3,RC0603FR-1310KL,10K R0603,R0603,DNI,R95 R102 R103
1,RC0603FR-134K7L,4K7 R0603,R0603,DNI,R112
